data as received,reformatted 
1.142857142857142544e-01,0.1143
1.714285714285714302e-01,0.1714
1.714285714285714302e-01,0.1714
1.142857142857142544e-01,0.1143
1.190476183380399372e-01,0.1190
1.904761918953486732e-01,0.1905
1.190476183380399372e-01,0.1190