data as received,reformatted
-9.040267138216870335e-02,-0.0904
-7.589639731442962556e-02,-0.0759
1.629340335442718835e-01,0.1629
-3.069506233292430830e-02,-0.0307
1.508207719885734654e-01,0.1508
-3.626568320978887372e-02,-0.0363
-8.049499129353374083e-02,-0.0805